# MySQL

## 1. MySQL基础

### 1.1 MySQL 安装

### 1.2 MySQL 基础配置

#### 1.2.1 Data Directory Initialization Procedure（[数据目录初始化过程](https://dev.mysql.com/doc/refman/8.0/en/data-directory-initialization.html#data-directory-initialization-procedure)）

```bash
bin/mysqld --initialize --user=mysql
```

#### 1.2.2 mysql_secure_installation (Improve MySQL Installation Security)

```bash
sudo mysql_secure_installation
```

#### 1.2.3 root 用户基本配置

##### 1.2.3.1 查看用户

SELECT user, authentication_string,plugin, host FROM mysql.user;

```bash
mysql> SELECT user,authentication_string,plugin,host FROM mysql.user;
+---------+-------------------------+------------+-----------+
| user    | authentication_string   | plugin     | host      |
+---------+-------------------------+------------+-----------+
| root    | ...                     |                        |
+---------+-------------------------+------------+-----------+
```

##### 1.2.3.2 修改root用户密码

ALTER USER 'root'@'localhost' IDENTIFIED WITH caching_sha2_password BY 'toor';

```bash
mysql> ALTER USER 'root'@'localhost' IDENTIFIED WITH caching_sha2_password BY 'toor';
```

In MySQL 8.0, the default authentication plugin has changed from to , and the administrative account uses by default. If you prefer that the account use the previous default authentication plugin (), see [caching_sha2_password and the root Administrative Account](https://dev.mysql.com/doc/refman/8.0/en/upgrading-from-previous-series.html#upgrade-caching-sha2-password-root-account "caching_sha2_password and the root Administrative Account").

##### 1.2.3.3 更改root登录权限

update user set host='%' where user='root' and host='localhost'

```bash
mysql> update user set host='%' where user='root' and host='localhost'
```

##### 1.2.3.4 更新权限

FLUSH PRIVILEGES;

```bash
mysql> FLUSH PRIVILEGES;
```

#### 1.2.4 修改MySQL配置文件

sudo nano /etc/mysql/mysql.conf.d/mysqld.cnf

bind 0.0.0.0

#### 1.2.5 重启MySQL

service mysql restart

### 1.3 MySQL 常用命令

#### 1.3.1 登录

mysql -uroot -P3306 -p

```bash
$ sudo mysql -uroot -P3306  -p
Enter password: 
Welcome to the MySQL monitor.  Commands end with ; or \g.
Your MySQL connection id is 16
Server version: 8.0.33-0ubuntu0.22.04.4 (Ubuntu)

Copyright (c) 2000, 2023, Oracle and/or its affiliates.

Oracle is a registered trademark of Oracle Corporation and/or its
affiliates. Other names may be trademarks of their respective
owners.

Type 'help;' or '\h' for help. Type '\c' to clear the current input statement.

mysql> 
```

#### 1.3.2 查看数据库

show databases;

```bash
mysql> show databases;
+--------------------+
| Database           |
+--------------------+
| information_schema |
| mysql              |
| performance_schema |
| sys                |
+--------------------+
4 rows in set (0.00 sec)
```

#### 1.3.3 创建数据库

create database dbtest;

```bash
mysql> create database dbtest;
Query OK, 1 row affected (0.01 sec)
```

#### 1.3.4 切换数据库

use dbtest;

```bash
mysql> use dbtest;
Database changed
```

#### 1.3.5 创建数据表

create table employees(id int, uname varchar(64), passwd varchar(64));

```bash
mysql> create table employees(id int, uname varchar(64), passwd varchar(64));
Query OK, 0 rows affected (0.04 sec)
```

#### 1.3.6 查看数据库创建信息

show create database dbtest;

```bash
mysql> show create database dbtest;
+----------+----------------------------------------------------------------------------------------------------------------------------------+
| Database | Create Database                                                                                                                  |
+----------+----------------------------------------------------------------------------------------------------------------------------------+
| dbtest   | CREATE DATABASE `dbtest` /*!40100 DEFAULT CHARACTER SET utf8mb4 COLLATE utf8mb4_0900_ai_ci */ /*!80016 DEFAULT ENCRYPTION='N' */ |
+----------+----------------------------------------------------------------------------------------------------------------------------------+
1 row in set (0.00 sec)
```


#### 1.3.7 查看当前数据中的表

show tables;

```bash
mysql> show tables;
+------------------+
| Tables_in_dbtest |
+------------------+
| employees        |
+------------------+
1 row in set (0.00 sec)
```

#### 1.3.8 向数据表中插入一条数据

insert into employees values(10001, 'Tom', sha2('123456', 256));

```bash
mysql> insert into employees values(10001, 'Tom', sha2('123456', 256));
Query OK, 1 row affected (0.00 sec)
```

#### 1.3.9 查看当前数据表中的数据

select * from employees;

```bash
mysql> select * from employees;
+-------+-------+------------------------------------------------------------------+
| id    | uname | passwd                                                           |
+-------+-------+------------------------------------------------------------------+
| 10001 | Tom   | 8d969eef6ecad3c29a3a629280e686cf0c3f5d5a86aff3ca12020c923adc6c92 |
+-------+-------+------------------------------------------------------------------+
1 row in set (0.00 sec)
```

#### 1.3.10 查看数据表的创建信息

show create table employees;

```bash
mysql> show create table employees;
+-----------+--------------------------------------------------------------------------------------------------------------------------------------------------------------------------------------------------+
| Table     | Create Table                                                                                                                                                                                     |
+-----------+--------------------------------------------------------------------------------------------------------------------------------------------------------------------------------------------------+
| employees | CREATE TABLE `employees` (
  `id` int DEFAULT NULL,
  `uname` varchar(256) DEFAULT NULL,
  `passwd` varchar(512) DEFAULT NULL
) ENGINE=InnoDB DEFAULT CHARSET=utf8mb4 COLLATE=utf8mb4_0900_ai_ci |
+-----------+--------------------------------------------------------------------------------------------------------------------------------------------------------------------------------------------------+
1 row in set (0.00 sec)
```

#### 1.3.11 查看通信字符集

```bash
mysql> show variables like 'character_%';
+--------------------------+----------------------------+
| Variable_name            | Value                      |
+--------------------------+----------------------------+
| character_set_client     | utf8mb4                    |
| character_set_connection | utf8mb4                    |
| character_set_database   | utf8mb4                    |
| character_set_filesystem | binary                     |
| character_set_results    | utf8mb4                    |
| character_set_server     | utf8mb4                    |
| character_set_system     | utf8mb3                    |
| character_sets_dir       | /usr/share/mysql/charsets/ |
+--------------------------+----------------------------+
8 rows in set (0.01 sec)
```

#### 1.3.12 查看比较规则

```bash
mysql> show variables like 'collation_%';
+----------------------+--------------------+
| Variable_name        | Value              |
+----------------------+--------------------+
| collation_connection | utf8mb4_0900_ai_ci |
| collation_database   | utf8mb4_0900_ai_ci |
| collation_server     | utf8mb4_0900_ai_ci |
+----------------------+--------------------+
3 rows in set (0.00 sec)
```

#### 1.3.13 SQL语句结束符

通用结束符 `;`

列输出 `g`

行输出 `\G`

```bash
mysql> select * from employees\g
+-------+-------+------------------------------------------------------------------+
| id    | uname | passwd                                                           |
+-------+-------+------------------------------------------------------------------+
| 10001 | Tom   | 8d969eef6ecad3c29a3a629280e686cf0c3f5d5a86aff3ca12020c923adc6c92 |
| 10002 | Jerry | 8d969eef6ecad3c29a3a629280e686cf0c3f5d5a86aff3ca12020c923adc6c92 |
+-------+-------+------------------------------------------------------------------+
2 rows in set (0.00 sec)

mysql> select * from employees\G
*************************** 1. row ***************************
    id: 10001
 uname: Tom
passwd: 8d969eef6ecad3c29a3a629280e686cf0c3f5d5a86aff3ca12020c923adc6c92
*************************** 2. row ***************************
    id: 10002
 uname: Jerry
passwd: 8d969eef6ecad3c29a3a629280e686cf0c3f5d5a86aff3ca12020c923adc6c92
2 rows in set (0.00 sec)
```

#### 1.3.14 注释

```sql

-- 

/*

*/

```

#### 1.3.15 数据导入指令

在命令行登录MySQL,使用 source 指令导入

```bash
mysql> source *.sql
```

### 1.4 非关系型数据库

键值对数据库: [[3. Redis]]

文档型数据库：[[4. MongoDB]]

搜索引擎数据库：[[5. ES]][[6. Solr]]

列式数据库：[[7. HBase]]

图形数据库：[[8. InfoGrid]]


## 2. SQL基础

### 2.1 SQL 概述

Structured Query Language 结构化查询语言

#### 2.1.1 DDL

data definition language 数据定义语言

#### 2.1.2 DML

data manipulation language 数据操作语言

#### 2.1.3 DCL

data control language 数据控制语言

### 2.2 基本的 SELECT

#### 2.2.1 select

```bash
mysql> select 1 + 2;
+-------+
| 1 + 2 |
+-------+
|     3 |
+-------+
1 row in set (0.00 sec)
```

##### a. DUAL 伪表

```bash
mysql> select 1 + 1, 1 + 2 from dual;
+-------+-------+
| 1 + 1 | 1 + 2 |
+-------+-------+
|     2 |     3 |
+-------+-------+
1 row in set (0.00 sec)
```

#### 2.2.2 select...from...

select ... from . ;

```bash
mysql> select id, uname, passwd from employees;
+-------+-------+------------------------------------------------------------------+
| id    | uname | passwd                                                           |
+-------+-------+------------------------------------------------------------------+
| 10001 | Tom   | 8d969eef6ecad3c29a3a629280e686cf0c3f5d5a86aff3ca12020c923adc6c92 |
| 10002 | Jerry | 8d969eef6ecad3c29a3a629280e686cf0c3f5d5a86aff3ca12020c923adc6c92 |
+-------+-------+------------------------------------------------------------------+
2 rows in set (0.00 sec)
```

##### a. 列的别名

as -> alias

```bash
mysql> select id, uname as username from employees;
+-------+----------+
| id    | username |
+-------+----------+
| 10001 | Tom      |
| 10002 | Jerry    |
+-------+----------+
2 rows in set (0.00 sec)
```

##### b. 去除重复行

select distinct . from .

```bash
mysql> select distinct uname from employees;
+-------+
| uname |
+-------+
| Tom   |
| Jerry |
+-------+
2 rows in set (0.00 sec)
```

##### c. 多列联立去重

select distinct ... from .

```bash
mysql> select distinct uname, passwd from employees;
+-------+------------------------------------------------------------------+
| uname | passwd                                                           |
+-------+------------------------------------------------------------------+
| Tom   | 8d969eef6ecad3c29a3a629280e686cf0c3f5d5a86aff3ca12020c923adc6c92 |
| Jerry | 8d969eef6ecad3c29a3a629280e686cf0c3f5d5a86aff3ca12020c923adc6c92 |
| Tom   | 6b8ae3329753d46a4af298ff5b30508b0697a279de761189985bfc7b879e25f2 |
| Ben   | 10743596cdcc53130ab9a28f065bf312f5451b946830d2b9aadf746662afb652 |
+-------+------------------------------------------------------------------+
4 rows in set (0.00 sec)
```

```bash
mysql> select distinct uname, passwd from employees;
+-------+------------------------------------------------------------------+
| uname | passwd                                                           |
+-------+------------------------------------------------------------------+
| Tom   | 8d969eef6ecad3c29a3a629280e686cf0c3f5d5a86aff3ca12020c923adc6c92 |
| Jerry | 8d969eef6ecad3c29a3a629280e686cf0c3f5d5a86aff3ca12020c923adc6c92 |
| Tom   | 6b8ae3329753d46a4af298ff5b30508b0697a279de761189985bfc7b879e25f2 |
| Ben   | 10743596cdcc53130ab9a28f065bf312f5451b946830d2b9aadf746662afb652 |
+-------+------------------------------------------------------------------+
4 rows in set (0.00 sec)
```

##### d. 空值

NULL 参与运算所得为 NULL.

ifnull()

```bash
mysql> select id, uname, ifnull(passwd, 0) from employees;
+-------+-------+------------------------------------------------------------------+
| id    | uname | ifnull(passwd, 0)                                                |
+-------+-------+------------------------------------------------------------------+
| 10001 | Tom   | 8d969eef6ecad3c29a3a629280e686cf0c3f5d5a86aff3ca12020c923adc6c92 |
| 10002 | Jerry | 8d969eef6ecad3c29a3a629280e686cf0c3f5d5a86aff3ca12020c923adc6c92 |
| 10003 | Tom   | 6b8ae3329753d46a4af298ff5b30508b0697a279de761189985bfc7b879e25f2 |
| 10004 | Ben   | 10743596cdcc53130ab9a28f065bf312f5451b946830d2b9aadf746662afb652 |
| 10006 | Tom   | 8d969eef6ecad3c29a3a629280e686cf0c3f5d5a86aff3ca12020c923adc6c92 |
| 10007 | Bobby | 0                                                                |
+-------+-------+------------------------------------------------------------------+
6 rows in set (0.00 sec)
```

##### e. 着重号

当 列名 与 关键字 相同时，则使用 \` 

##### f. 查询常数

select 1 from .

```bash
mysql> select 1 as const, id, uname from employees;
+-------+-------+-------+
| const | id    | uname |
+-------+-------+-------+
|     1 | 10001 | Tom   |
|     1 | 10002 | Jerry |
|     1 | 10003 | Tom   |
|     1 | 10004 | Ben   |
|     1 | 10006 | Tom   |
|     1 | 10007 | Bobby |
+-------+-------+-------+
6 rows in set (0.00 sec)
```

##### g. 显示表结构

describe

desc .

```bash
mysql> describe employees;
+--------+--------------+------+-----+---------+-------+
| Field  | Type         | Null | Key | Default | Extra |
+--------+--------------+------+-----+---------+-------+
| id     | int          | YES  |     | NULL    |       |
| uname  | varchar(256) | YES  |     | NULL    |       |
| passwd | varchar(512) | YES  |     | NULL    |       |
+--------+--------------+------+-----+---------+-------+
3 rows in set (0.01 sec)
```

#### 2.2.3 select ... from . where ...

```bash
mysql> select id, uname, passwd from employees where uname = 'Tom';
+-------+-------+------------------------------------------------------------------+
| id    | uname | passwd                                                           |
+-------+-------+------------------------------------------------------------------+
| 10001 | Tom   | 8d969eef6ecad3c29a3a629280e686cf0c3f5d5a86aff3ca12020c923adc6c92 |
| 10003 | Tom   | 6b8ae3329753d46a4af298ff5b30508b0697a279de761189985bfc7b879e25f2 |
| 10006 | Tom   | 8d969eef6ecad3c29a3a629280e686cf0c3f5d5a86aff3ca12020c923adc6c92 |
+-------+-------+------------------------------------------------------------------+
3 rows in set (0.00 sec)
```

where 大小写不敏感

```bash
mysql> select id, uname, passwd from employees where uname = 'Tom';
+-------+-------+------------------------------------------------------------------+
| id    | uname | passwd                                                           |
+-------+-------+------------------------------------------------------------------+
| 10001 | Tom   | 8d969eef6ecad3c29a3a629280e686cf0c3f5d5a86aff3ca12020c923adc6c92 |
| 10003 | Tom   | 6b8ae3329753d46a4af298ff5b30508b0697a279de761189985bfc7b879e25f2 |
| 10006 | Tom   | 8d969eef6ecad3c29a3a629280e686cf0c3f5d5a86aff3ca12020c923adc6c92 |
+-------+-------+------------------------------------------------------------------+
mysql> select id, uname, passwd from employees where binary uname = 'tom';
Empty set, 1 warning (0.00 sec)

mysql> select id, uname, passwd from employees where binary uname = 'Tom';
+-------+-------+------------------------------------------------------------------+
| id    | uname | passwd                                                           |
+-------+-------+------------------------------------------------------------------+
| 10001 | Tom   | 8d969eef6ecad3c29a3a629280e686cf0c3f5d5a86aff3ca12020c923adc6c92 |
| 10003 | Tom   | 6b8ae3329753d46a4af298ff5b30508b0697a279de761189985bfc7b879e25f2 |
| 10006 | Tom   | 8d969eef6ecad3c29a3a629280e686cf0c3f5d5a86aff3ca12020c923adc6c92 |
+-------+-------+------------------------------------------------------------------+
3 rows in set, 1 warning (0.00 sec)
```

### 2.3 运算符

#### 2.3.1 算数运算符

`+, -, *`

`/, div

`%, mod`

```bash
mysql> select 100 + '1' from DUAL;
+-----------+
| 100 + '1' |
+-----------+
|       101 |
+-----------+
1 row in set (0.00 sec)

mysql> select 100 + 'a' from DUAL;
+-----------+
| 100 + 'a' |
+-----------+
|       100 |
+-----------+
1 row in set, 1 warning (0.00 sec)
```

#### 2.3.2 比较运算符

##### a. 符号比较运算符

`=, <=>`

```bash
mysql> select 1 = 2, 1 <> 2, 1 = '1', 1 = 'a', 0 = 'a' from dual;
+-------+--------+---------+---------+---------+
| 1 = 2 | 1 <> 2 | 1 = '1' | 1 = 'a' | 0 = 'a' |
+-------+--------+---------+---------+---------+
|     0 |      1 |       1 |       0 |       1 |
+-------+--------+---------+---------+---------+
1 row in set, 2 warnings (0.00 sec)

mysql> select 1 = NULL, NULL = NULL from dual;
+----------+-------------+
| 1 = NULL | NULL = NULL |
+----------+-------------+
|     NULL |        NULL |
+----------+-------------+
1 row in set (0.00 sec)
```

`<=>` 在没有NULL参与的运算中与等于相同。 

```bash
mysql> select 1 <=> 2,  1 <=> '1', 1 <=> 'a', 0 <=> 'a' from dual;
+---------+-----------+-----------+-----------+
| 1 <=> 2 | 1 <=> '1' | 1 <=> 'a' | 0 <=> 'a' |
+---------+-----------+-----------+-----------+
|       0 |         1 |         0 |         1 |
+---------+-----------+-----------+-----------+
1 row in set, 2 warnings (0.00 sec)

mysql> select 1 <=> NULL, NULL <=> NULL from dual;
+------------+---------------+
| 1 <=> NULL | NULL <=> NULL |
+------------+---------------+
|          0 |             1 |
+------------+---------------+
1 row in set (0.00 sec)
```

`<>, !=`

`<, <=`

`>, >=`

##### b. 关键字比较运算符

`is null, isnull(.)` 空运算符

```bash
mysql> select id, uname, passwd from employees where isnull(passwd);
+-------+-------+--------+
| id    | uname | passwd |
+-------+-------+--------+
| 10007 | Bobby | NULL   |
+-------+-------+--------+
1 row in set (0.00 sec)

mysql> select id, uname, passwd from employees where passwd is null;
+-------+-------+--------+
| id    | uname | passwd |
+-------+-------+--------+
| 10007 | Bobby | NULL   |
+-------+-------+--------+
1 row in set (0.00 sec)
```

`is notnull` 非空运算符

`least(., ., .)` 最小值

```bash
mysql> select id, least(uname, passwd) from employees where id > 10008;
+-------+----------------------+
| id    | least(uname, passwd) |
+-------+----------------------+
| 10009 | navy                 |
| 10010 | admin                |
+-------+----------------------+
2 rows in set (0.00 sec)
```

`greatest(., ., .)` 最大值
```bash
mysql> select id, greatest(uname, passwd) from employees where id > 10008;
+-------+-------------------------+
| id    | greatest(uname, passwd) |
+-------+-------------------------+
| 10009 | yvan                    |
| 10010 | nimda                   |
+-------+-------------------------+
2 rows in set (0.00 sec)
```

`between . and .` 区间值

包含边界值

```bash
mysql> select id, uname from employees where id between 10003 and 10008;
+-------+-------+
| id    | uname |
+-------+-------+
| 10003 | Tom   |
| 10004 | Ben   |
| 10006 | Tom   |
| 10007 | Bobby |
| 10008 | NULL  |
+-------+-------+
5 rows in set (0.00 sec)

mysql> select id, uname from employees where not id between 10003 and 10008;
+-------+-------+
| id    | uname |
+-------+-------+
| 10001 | Tom   |
| 10002 | Jerry |
| 10009 | yvan  |
| 10010 | admin |
+-------+-------+
4 rows in set (0.00 sec)
```

`in (...), not in (...)` 

```bash
mysql> select id, uname from employees where id in (10001, 10003, 10005);
+-------+-------+
| id    | uname |
+-------+-------+
| 10001 | Tom   |
| 10003 | Tom   |
+-------+-------+
2 rows in set (0.00 sec)

mysql> select id, uname from employees where uname not in ('Tom', 'Ben');
+-------+-------+
| id    | uname |
+-------+-------+
| 10002 | Jerry |
| 10007 | Bobby |
| 10009 | yvan  |
| 10010 | admin |
+-------+-------+
```

`like .` 模糊匹配

% 不确定个数的字符

```bash
mysql> select id, uname from employees where uname like '%o%';
+-------+-------+
| id    | uname |
+-------+-------+
| 10001 | Tom   |
| 10003 | Tom   |
| 10006 | Tom   |
| 10007 | Bobby |
+-------+-------+
4 rows in set (0.00 sec)

mysql> select id, uname from employees where uname like 'B%';
+-------+-------+
| id    | uname |
+-------+-------+
| 10004 | Ben   |
| 10007 | Bobby |
+-------+-------+
2 rows in set (0.00 sec)
```

```bash
mysql> select id, uname, passwd from employees where passwd like '%e%' and passwd like '%b%';
+-------+-------+------------------------------------------------------------------+
| id    | uname | passwd                                                           |
+-------+-------+------------------------------------------------------------------+
| 10003 | Tom   | 6b8ae3329753d46a4af298ff5b30508b0697a279de761189985bfc7b879e25f2 |
+-------+-------+------------------------------------------------------------------+
1 row in set (0.00 sec)

mysql> select id, uname, passwd from employees where passwd like '%e%b%' or passwd like '%b%e%';
+-------+-------+------------------------------------------------------------------+
| id    | uname | passwd                                                           |
+-------+-------+------------------------------------------------------------------+
| 10003 | Tom   | 6b8ae3329753d46a4af298ff5b30508b0697a279de761189985bfc7b879e25f2 |
+-------+-------+------------------------------------------------------------------+
1 row in set (0.00 sec)
```

_ 一个字符

```bash
mysql> select id, uname, passwd from employees where passwd like '_0%';
+-------+-------+------------------------------------------------------------------+
| id    | uname | passwd                                                           |
+-------+-------+------------------------------------------------------------------+
| 10004 | Ben   | 10743596cdcc53130ab9a28f065bf312f5451b946830d2b9aadf746662afb652 |
+-------+-------+------------------------------------------------------------------+
1 row in set (0.00 sec)
```

\ 转义字符

```bash
mysql> select id, uname, passwd from employees where uname like '_\_S%';
+-------+---------+--------+
| id    | uname   | passwd |
+-------+---------+--------+
| 10005 | H_Sofia | hahaha |
+-------+---------+--------+
1 row in set (0.00 sec)
```

escape 定义转义字符

```bash
mysql> select id, uname, passwd from employees where uname like '_$_S%' escape '$';
+-------+---------+--------+
| id    | uname   | passwd |
+-------+---------+--------+
| 10005 | H_Sofia | hahaha |
+-------+---------+--------+
1 row in set (0.00 sec)
```

`rxgexp, rlike` 正则匹配

```bash
mysql> select id, uname from employees where uname regexp('^B');
+-------+-------+
| id    | uname |
+-------+-------+
| 10004 | Ben   |
| 10007 | Bobby |
+-------+-------+
```

#### 2.3.3 逻辑运算符

OR 和 AND 可以一起使用，但是在使用时要注意两者的优先级，由于 AND 的优先级高于 OR，
因此先对 AND 两边的操作数进行运算，再与 OR 中操作数结合。

##### a. 非

`NOT, !`

##### b. 且

`AND, &&`

##### c. 或

`OR, ||`

##### d. 异或

`XOR`

#### 2.3.4 位运算符

`&, |, ^, ~, >>, <<`

### 2.4 排序和分页

#### 2.4.1 排序

使用 order by 子句排序

- ASC （ascend）升序
- DESC（descend）降序

order by 子句在 select 语句的结尾

列的别名只能在 order by 中 使用

select ., ., . from . where [...] order by .(asc|desc), .(asc|desc), ..

```bash
mysql> select id, uname from employees where uname is not NULL order by uname asc, id desc;
+-------+---------+
| id    | uname   |
+-------+---------+
| 10010 | admin   |
| 10004 | Ben     |
| 10007 | Bobby   |
| 10005 | H_Sofia |
| 10002 | Jerry   |
| 10006 | Tom     |
| 10003 | Tom     |
| 10001 | Tom     |
| 10009 | yvan    |
+-------+---------+
9 rows in set (0.00 sec)
```

#### 2.4.1 分页

约束返回结果可以有效减少数据表的网络传输量，也可以提升查询效率。

如果我们知道返回结果只有 1 条，则可以使用 LIMIT 1 ，告诉 SELECT 语句只需返回一条记录即可。
数据库不需要扫描完整张表，只需要检索到一条符合条件的记录即可。

LIMIT 位置偏移量，条目数

##### a. 分页公式

分页公式：limit (PageNum - 1) \* pageSize,  pageSize

```bash
mysql> select id,uname from employees limit 0, 5;
+-------+-------+
| id    | uname |
+-------+-------+
| 10001 | Tom   |
| 10002 | Jerry |
| 10003 | Tom   |
| 10004 | Ben   |
| 10006 | Tom   |
+-------+-------+
5 rows in set (0.00 sec)

mysql> select id, uname from employees order by id asc limit 5, 3;
+-------+-------+
| id    | uname |
+-------+-------+
| 10006 | Tom   |
| 10007 | Bobby |
| 10008 | NULL  |
+-------+-------+
3 rows in set (0.00 sec)
```

##### b. MySQL 8.0 新特性

LIMIT 条目数 OFFSET 偏移量

```bash
mysql> select id, uname from employees order by id asc limit 3 offset 5;
+-------+-------+
| id    | uname |
+-------+-------+
| 10006 | Tom   |
| 10007 | Bobby |
| 10008 | NULL  |
+-------+-------+
3 rows in set (0.00 sec)
```

LIMIT 可以使用在 MySQL, Maria, PGSQL, Sqlite

不能在 SQL Server, BD2, Oracle 中使用


### 2.5 多表查询

#### 2.5.1 构造多表

```sql
use dbtest;
-- 雇员
create table employees(
    employee_id bigint unsigned,
    name varchar(64),
    phone varchar(32)
    hire_date date, -- 雇佣事件
    salary int, -- 薪金
    commission_pct decimal(10, 2), -- 佣金比率
    manager_id bigint unsigned, -- 管理者id
    deparment_id bigint unsigned-- 部门id
);
-- 部门
create table departments(
    department_id bigint unsigned,
    department_name varchar(64),
    manager_id bigint unsigned,
    location_id bigint unsigned
);
-- 位置
create table location(
    location_id bigint unsigned,
    street_address varchar(256),
    postal_code varchar(256),
    city varchar(128),
    state_province varchar(128),
    country_id varchar(32)
);
```

```sql
insert into location(location_id, street_address, city, state_province, country_id) values(500, '普林斯顿大学 08544-0001', '普林斯顿', '新泽西', 'US');

insert into departments(department_id, department_name, manager_id, location_id)
values(1, 'directorate', 1, 500);

insert into employees(employee_id, name, phone, hire_date, salary, commission_pct, manager_id, deparment_id) values(1, 'yvan', '123-456-7890', '2010-10-1', '65000', '1.2', 1, 1);
```

#### 2.5.2

#### 2.5.3

#### 2.5.4




